Tienda ID,Sueldo más alto,Sueldo más bajo,Promedio de sueldos,Número de ventas,Promedio de ventas
1,8589090.0,6827475.0,7591464.0,1211,199986.70520231215
2,8680515.0,6990195.0,7803621.0,1135,199266.3436123348
3,8320365.0,7086735.0,7608093.0,1156,202655.19031141867
